nurse_id,name,2026-04-01(수),2026-04-02(목),2026-04-03(금),2026-04-04(토),2026-04-05(일),2026-04-06(월),2026-04-07(화),2026-04-08(수),2026-04-09(목),2026-04-10(금),2026-04-11(토),2026-04-12(일),2026-04-13(월),2026-04-14(화),2026-04-15(수),2026-04-16(목),2026-04-17(금),2026-04-18(토),2026-04-19(일),2026-04-20(월),2026-04-21(화),2026-04-22(수),2026-04-23(목),2026-04-24(금),2026-04-25(토),2026-04-26(일),2026-04-27(월),2026-04-28(화),2026-04-29(수),2026-04-30(목),count_D,count_E,count_N,count_P,count_O
N001,김하린,D (3 CENTER),D (3 CENTER),D (3 CENTER),O (3 CENTER),O (3 CENTER),D (3 CENTER),D (3 CENTER),D (3 CENTER),D (3 CENTER),D (3 CENTER),O (3 CENTER),O (3 CENTER),D (3 CENTER),D (3 CENTER),D (3 CENTER),D (3 CENTER),D (3 CENTER),O (3 CENTER),O (3 CENTER),D (3 CENTER),D (3 CENTER),D (3 CENTER),D (3 CENTER),D (3 CENTER),O (3 CENTER),O (3 CENTER),D (3 CENTER),D (3 CENTER),D (3 CENTER),D (3 CENTER),22,0,0,0,8
N002,이서윤,E (3 CENTER),E (3 CENTER),E (3 CENTER),O (3 CENTER),O (3 CENTER),E (3 CENTER),E (3 CENTER),E (3 CENTER),E (3 CENTER),E (3 CENTER),O (3 CENTER),O (3 CENTER),E (3 CENTER),E (3 CENTER),E (3 CENTER),E (3 CENTER),E (3 CENTER),O (3 CENTER),O (3 CENTER),E (3 CENTER),E (3 CENTER),E (3 CENTER),E (3 CENTER),E (3 CENTER),O (3 CENTER),O (3 CENTER),E (3 CENTER),E (3 CENTER),E (3 CENTER),E (3 CENTER),0,22,0,0,8
N003,박지우,P (3 A),O (3 A),E (3 A),E (3 A),P (3 A),N (3 A),N (3 A),O (3 A),O (3 A),P (3 A),P (3 A),N (3 A),N (3 A),O (3 A),O (3 A),D (3 A),E (3 A),O (3 A),E (3 A),P (3 A),O (3 A),D (3 A),E (3 A),O (3 A),O (3 A),P (3 A),D (3 A),P (3 A),O (3 A),D (3 A),4,5,4,7,10
N004,최도윤,E (3 A),N (3 A),N (3 A),O (3 A),O (3 A),D (3 A),P (3 A),D (3 A),O (3 A),O (3 A),D (3 A),D (3 A),O (3 A),P (3 A),D (3 A),N (3 A),N (3 A),O (3 A),O (3 A),E (3 A),E (3 A),P (3 A),O (3 A),E (3 A),P (3 A),O (3 A),O (3 A),O (3 A),P (3 A),N (3 A),5,4,5,5,11
N005,정하윤,D (1 A),D (1 A),D (1 A),O (1 A),D (1 A),D (1 A),D (1 A),O (1 A),E (1 A),N (1 A),N (1 A),O (1 A),O (1 A),E (1 A),E (1 A),E (1 A),O (1 A),N (1 A),N (1 A),N (1 A),O (1 A),O (1 A),O (1 A),O (1 A),E (1 A),N (1 A),N (1 A),O (1 A),O (1 A),E (1 A),6,6,7,0,11
N006,조시우,N (2 A),O (2 A),O (2 A),O (2 A),E (2 A),E (2 A),E (2 A),N (2 A),N (2 A),O (2 A),O (2 A),O (2 A),D (2 A),D (2 A),D (2 A),O (2 A),D (2 A),E (2 A),O (2 A),O (2 A),D (2 A),D (2 A),D (2 A),D (2 A),O (2 A),D (2 A),D (2 A),N (2 A),N (2 A),O (2 A),10,4,5,0,11
N007,윤서아,D (2 A),E (2 A),O (2 A),N (2 A),N (2 A),O (2 A),O (2 A),D (2 A),D (2 A),D (2 A),O (2 A),E (2 A),E (2 A),O (2 A),O (2 A),D (2 A),D (2 A),O (2 A),O (2 A),O (2 A),D (2 A),E (2 A),N (2 A),N (2 A),N (2 A),O (2 A),O (2 A),D (2 A),D (2 A),D (2 A),10,4,5,0,11
N008,한민재,O (3 B),E (3 B),N (3 B),N (3 B),N (3 B),O (3 B),O (3 B),D (3 B),D (3 B),N (3 B),N (3 B),O (3 B),O (3 B),N (3 B),N (3 B),O (3 B),O (3 B),E (3 B),P (3 B),D (3 B),O (3 B),O (3 B),D (3 B),D (3 B),D (3 B),D (3 B),O (3 B),O (3 B),D (3 B),D (3 B),9,2,7,1,11
N009,오유진,O (3 B),O (3 B),D (3 B),D (3 B),D (3 B),D (3 B),E (3 B),O (3 B),P (3 B),D (3 B),E (3 B),N (3 B),N (3 B),O (3 B),O (3 B),E (3 B),E (3 B),N (3 B),N (3 B),N (3 B),O (3 B),O (3 B),O (3 B),N (3 B),N (3 B),O (3 B),O (3 B),D (3 B),E (3 B),E (3 B),6,6,7,1,10
N010,서지호,N (1 B),N (1 B),O (1 B),O (1 B),O (1 B),N (1 B),N (1 B),O (1 B),O (1 B),O (1 B),D (1 B),D (1 B),D (1 B),D (1 B),O (1 B),D (1 B),D (1 B),D (1 B),D (1 B),O (1 B),E (1 B),E (1 B),E (1 B),E (1 B),O (1 B),E (1 B),E (1 B),E (1 B),O (1 B),O (1 B),8,7,4,0,11
N011,강나윤,D (2 B),D (2 B),E (2 B),E (2 B),O (2 B),O (2 B),D (2 B),N (2 B),N (2 B),O (2 B),O (2 B),O (2 B),D (2 B),D (2 B),D (2 B),N (2 B),N (2 B),O (2 B),O (2 B),D (2 B),D (2 B),D (2 B),O (2 B),O (2 B),E (2 B),N (2 B),N (2 B),N (2 B),O (2 B),O (2 B),9,3,7,0,11
N012,임준서,E (2 B),O (2 B),O (2 B),O (2 B),E (2 B),E (2 B),O (2 B),E (2 B),E (2 B),E (2 B),O (2 B),E (2 B),E (2 B),E (2 B),E (2 B),O (2 B),O (2 B),O (2 B),E (2 B),E (2 B),N (2 B),N (2 B),N (2 B),O (2 B),O (2 B),O (2 B),D (2 B),D (2 B),N (2 B),N (2 B),2,12,5,0,11
N013,신예린,D (3 C),O (3 C),O (3 C),D (3 C),E (3 C),O (3 C),O (3 C),E (3 C),E (3 C),N (3 C),N (3 C),O (3 C),O (3 C),D (3 C),D (3 C),E (3 C),N (3 C),N (3 C),O (3 C),O (3 C),N (3 C),N (3 C),N (3 C),O (3 C),O (3 C),O (3 C),D (3 C),E (3 C),E (3 C),E (3 C),5,7,7,0,11
N014,황지안,O (3 C),D (3 C),D (3 C),P (3 C),O (3 C),E (3 C),E (3 C),P (3 C),D (3 C),D (3 C),O (3 C),E (3 C),E (3 C),E (3 C),E (3 C),O (3 C),O (3 C),P (3 C),N (3 C),N (3 C),O (3 C),O (3 C),O (3 C),O (3 C),O (3 C),D (3 C),N (3 C),N (3 C),N (3 C),O (3 C),5,6,5,3,11
N015,송도현,E (1 C),E (1 C),N (1 C),N (1 C),N (1 C),O (1 C),O (1 C),N (1 C),N (1 C),O (1 C),O (1 C),N (1 C),N (1 C),N (1 C),O (1 C),O (1 C),E (1 C),E (1 C),E (1 C),O (1 C),O (1 C),D (1 C),D (1 C),D (1 C),D (1 C),O (1 C),O (1 C),D (1 C),D (1 C),O (1 C),6,5,8,0,11
N016,문서진,N (2 C),N (2 C),O (2 C),O (2 C),D (2 C),D (2 C),D (2 C),D (2 C),O (2 C),E (2 C),E (2 C),O (2 C),O (2 C),O (2 C),N (2 C),N (2 C),O (2 C),O (2 C),D (2 C),E (2 C),E (2 C),E (2 C),O (2 C),E (2 C),E (2 C),E (2 C),E (2 C),O (2 C),O (2 C),N (2 C),5,9,5,0,11
N017,백하은,O (2 C),O (2 C),E (2 C),E (2 C),O (2 C),N (2 C),N (2 C),O (2 C),O (2 C),D (2 C),D (2 C),D (2 C),D (2 C),O (2 C),O (2 C),D (2 C),D (2 C),D (2 C),O (2 C),D (2 C),D (2 C),O (2 C),E (2 C),N (2 C),N (2 C),N (2 C),O (2 C),O (2 C),D (2 C),D (2 C),11,3,5,0,11
N018,유태오,N (3 D),O (3 D),O (3 D),O (3 D),N (3 D),N (3 D),O (3 D),O (3 D),D (3 D),D (3 D),O (3 D),P (3 D),N (3 D),N (3 D),O (3 D),O (3 D),D (3 D),D (3 D),D (3 D),E (3 D),P (3 D),O (3 D),D (3 D),E (3 D),E (3 D),E (3 D),E (3 D),O (3 D),O (3 D),D (3 D),7,5,5,2,11
N019,남시아,O (3 D),D (3 D),D (3 D),D (3 D),E (3 D),O (3 D),N (3 D),N (3 D),N (3 D),O (3 D),O (3 D),O (3 D),D (3 D),E (3 D),E (3 D),E (3 D),E (3 D),O (3 D),O (3 D),N (3 D),N (3 D),O (3 D),O (3 D),D (3 D),D (3 D),N (3 D),N (3 D),N (3 D),O (3 D),O (3 D),6,5,8,0,11
N020,노현우,O (1 D),O (1 D),E (1 D),E (1 D),O (1 D),E (1 D),E (1 D),O (1 D),O (1 D),E (1 D),E (1 D),E (1 D),E (1 D),O (1 D),N (1 D),N (1 D),N (1 D),O (1 D),O (1 D),D (1 D),D (1 D),N (1 D),N (1 D),O (1 D),O (1 D),D (1 D),D (1 D),O (1 D),N (1 D),N (1 D),4,8,7,0,11
N021,고채원,E (2 D),E (2 D),O (2 D),O (2 D),D (2 D),D (2 D),O (2 D),E (2 D),E (2 D),N (2 D),N (2 D),N (2 D),O (2 D),O (2 D),O (2 D),O (2 D),O (2 D),E (2 D),E (2 D),O (2 D),E (2 D),E (2 D),E (2 D),N (2 D),N (2 D),O (2 D),O (2 D),E (2 D),E (2 D),E (2 D),2,12,5,0,11
N022,배지후,D (2 D),N (2 D),N (2 D),N (2 D),O (2 D),O (2 D),D (2 D),D (2 D),D (2 D),O (2 D),D (2 D),D (2 D),O (2 D),D (2 D),D (2 D),D (2 D),O (2 D),N (2 D),N (2 D),O (2 D),O (2 D),D (2 D),D (2 D),D (2 D),O (2 D),O (2 D),O (2 D),D (2 D),D (2 D),O (2 D),14,0,5,0,11
N023,주다은,O (3 E),P (3 E),P (3 E),E (3 E),E (3 E),P (3 E),O (3 E),O (3 E),O (3 E),O (3 E),E (3 E),E (3 E),P (3 E),O (3 E),P (3 E),P (3 E),P (3 E),E (3 E),E (3 E),O (3 E),O (3 E),O (3 E),P (3 E),P (3 E),E (3 E),E (3 E),P (3 E),O (3 E),O (3 E),P (3 E),0,8,0,11,11
N024,안서준,O (2 E),O (2 E),O (2 E),O (2 E),O (2 E),O (2 E),O (2 E),O (2 E),O (2 E),O (2 E),O (2 E),O (2 E),O (2 E),O (2 E),O (2 E),O (2 E),O (2 E),O (2 E),O (2 E),O (2 E),O (2 E),O (2 E),O (2 E),O (2 E),O (2 E),O (2 E),O (2 E),O (2 E),O (2 E),O (2 E),0,0,0,0,30
N025,마유나,O (2 A),D (2 A),D (2 A),D (2 A),O (2 A),O (2 A),D (2 A),E (2 A),O (2 A),E (2 A),E (2 A),O (2 A),O (2 A),N (2 A),N (2 A),O (2 A),O (2 A),D (2 A),D (2 A),D (2 A),N (2 A),N (2 A),O (2 A),O (2 A),D (2 A),E (2 A),E (2 A),E (2 A),E (2 A),O (2 A),8,7,4,0,11
COUNT_D,일자별 D 수,6,6,6,4,4,6,6,6,6,6,4,4,6,6,6,6,6,4,4,6,6,6,6,6,4,4,6,6,6,6,164,,,,
COUNT_E,일자별 E 수,5,5,5,5,5,5,5,5,5,5,5,5,5,5,5,5,5,5,5,5,5,5,5,5,5,5,5,5,5,5,,150,,,
COUNT_N,일자별 N 수,4,4,4,4,4,4,4,4,4,4,4,4,4,4,4,4,4,4,4,4,4,4,4,4,4,4,4,4,4,4,,,120,,
COUNT_P,일자별 P 수,1,1,1,1,1,1,1,1,1,1,1,1,1,1,1,1,1,1,1,1,1,1,1,1,1,1,1,1,1,1,,,,30,
COUNT_O,일자별 O 수,9,9,9,11,11,9,9,9,9,9,11,11,9,9,9,9,9,11,11,9,9,9,9,9,11,11,9,9,9,9,,,,,286
