nurse_id,name,2026-04-01,2026-04-02,2026-04-03,2026-04-04,2026-04-05,2026-04-06,2026-04-07,2026-04-08,2026-04-09,2026-04-10,2026-04-11,2026-04-12,2026-04-13,2026-04-14,2026-04-15,2026-04-16,2026-04-17,2026-04-18,2026-04-19,2026-04-20,2026-04-21,2026-04-22,2026-04-23,2026-04-24,2026-04-25,2026-04-26,2026-04-27,2026-04-28,2026-04-29,2026-04-30
N001,김하린,,,,,,,,,,,,,,,,,,,,,,,,,,,,,,
N002,이서윤,,,,,,,,,,,,,,,,,,,,,,,,,,,,,,
N003,박지우,,,,,,,,,,,,,,,,,,,,,,,,,,,,,,
N004,최도윤,,,,,,,,,,,,,,,,,,,,,,,,,,,,,,
N005,정하윤,,,,,,,,,,,,,,,,,,,,,,,,,,,,,,
N006,조시우,,,,,,,,,,,,,,,,,,,,,,,,,,,,,,
N007,윤서아,,,,,,,,,,,,,,,,,,,,,,,,,,,,,,
N008,한민재,,,,,,,,,,,,,,,,,,,,,,,,,,,,,,
N009,오유진,,,,,,,,,,,,,,,,,,,,,,,,,,,,,,
N010,서지호,,,,,,,,,,,,,,,,,,,,,,,,,,,,,,
N011,강나윤,,,,,,,,,,,,,,,,,,,,,,,,,,,,,,
N012,임준서,,,,,,,,,,,,,,,,,,,,,,,,,,,,,,
N013,신예린,,,,,,,,,,,,,,,,,,,,,,,,,,,,,,
N014,황지안,,,,,,,,,,,,,,,,,,,,,,,,,,,,,,
N015,송도현,,,,,,,,,,,,,,,,,,,,,,,,,,,,,,
N016,문서진,,,,,,,,,,,,,,,,,,,,,,,,,,,,,,
N017,백하은,,,,,,,,,,,,,,,,,,,,,,,,,,,,,,
N018,유태오,,,,,,,,,,,,,,,,,,,,,,,,,,,,,,
N019,남시아,,,,,,,,,,,,,,,,,,,,,,,,,,,,,,
N020,노현우,,,,,,,,,,,,,,,,,,,,,,,,,,,,,,
N021,고채원,,,,,,,,,,,,,,,,,,,,,,,,,,,,,,
N022,배지후,,,,,,,,,,,,,,,,,,,,,,,,,,,,,,
N023,주다은,,,,,,,,,,,,,,,,,,,,,,,,,,,,,,
N024,안서준,,,,,,,,,,,,,,,,,,,,,,,,,,,,,,
N025,마유나,,,,,,,,,,,,,,,,,,,,,,,,,,,,,,
